Diameter,x,y,z
0.06133552246727049,-0.8085660533979535,1.0675158528611064,2.5971723161637783
0.05973825789988041,1.7542702900245786,-0.5565281342715025,6.003434509038925
0.041392826242372394,0.6398284453898668,-0.9241608213633299,1.3776713889092207
0.0629846017807722,-0.3498694719746709,0.7828895654529333,5.155183176975697
0.036050298474729056,-1.985257807187736,0.13330510817468166,6.014659337233752
0.03771493027918041,1.8169870227575302,1.9720445973798633,4.49325502384454
0.03213380618952215,1.0302482955157757,-0.08264575432986021,3.02560206502676
0.03844132665079087,-1.889614561572671,-1.3649822557345033,8.932097260840237
0.03259541168808937,1.1813063509762287,0.7740380680188537,7.034695066977292
0.040095680835656816,-1.6899798959493637,-1.1828730469569564,8.471793024800718
0.04488568727392703,-1.7936348766088486,0.2381110694259405,2.446431191638112
0.044049889161251486,-1.2120715957134962,-1.677855015732348,7.655171265359968
0.08912620866671205,-0.20774590410292149,-1.825501598417759,7.779473750852048
0.09681285575032234,0.19715208001434803,-1.2676529614254832,0.0036898115649819374
0.05498515766579658,-0.6059476621448994,0.7880636621266603,8.755740139167756
0.11329631973989307,0.7443289095535874,1.7703727735206485,5.878575369715691
0.06021242793183773,1.1841978542506695,0.15024210046976805,7.44047159794718
0.09624633229337633,-1.2686605053022504,-1.9627892393618822,4.134238993283361
0.048155289161950346,-0.9804443018510938,0.5756861036643386,9.284129529260099
0.03883920193184167,0.7115576220676303,0.7653192635625601,2.1339408960193396
0.051504419464617965,-0.3561936551705003,1.0798119893297553,0.563909646589309
0.09602337822318077,-1.8950629895552993,0.7778044482693076,6.490137386135757
0.03154523791745305,-0.22907119803130627,1.1032859152182937,8.905915217474103
0.051513869068585336,-0.42027310002595186,-0.5893024681136012,3.2818137295544147
0.03316536707803607,-1.313564570620656,1.4560110569000244,4.550973924342543
0.039615609026513995,-0.7973800580948591,1.179366639815271,6.07589420164004
0.039034652533009646,-1.7148973466828465,1.7626530528068542,0.6708503141999245
0.04159459305461496,1.4014018401503563,-0.28106833808124065,2.680592662654817
0.03119441721588373,0.5104185324162245,1.1628430839627981,9.052765700034797
0.10214824894908815,-0.5314707728102803,-0.17949989531189203,6.011083286721259
0.045331887705251574,1.5095102731138468,1.8889463767409325,6.255964620504528
0.03872388818766922,-1.9486549803987145,0.5294481990858912,5.072262284811586
0.038646422000601886,-1.6696376875042915,-0.5898811183869839,4.3669197778217494
0.04719528160523623,0.21266189590096474,0.6485622609034181,1.158629935234785
0.04056884503457695,-0.10088712815195322,-0.8908327203243971,0.8599847299046814
0.030548277287743984,-0.7787169199436903,0.6410100609064102,1.2736469437368214
0.038025564244017006,0.20654629543423653,-1.838949336670339,6.800811272114515
0.04762105121277273,1.4332319451496005,-1.1175544280558825,3.5727445664815605
0.03211276976391673,-1.7516390718519688,1.1031708531081676,7.5740686361677945
0.03378008246421814,1.8958529718220234,0.17775152809917927,7.148152550216764
0.08051152963191271,1.36888025701046,-1.8456867020577192,6.120870134327561
0.031188146737404165,-1.3575248708948493,1.2353994557633996,0.898775877431035
0.03248834912665188,1.9012149311602116,1.1473378986120224,0.5236480385065079
0.037345731039531524,0.38567536044865847,-0.0010741818696260452,4.949600910767913
0.030149399582296607,-0.932093839161098,-1.6678212936967611,0.0747143430635333
0.07785341486334801,-1.0380771709606051,-1.866852506995201,4.114649940747768
0.13546202627941967,-1.4085392635315657,0.3034086199477315,7.058337654452771
0.062234419346787036,0.9324405770748854,-1.9877978805452585,8.192002712748945
0.032664713328704235,1.3356917472556233,-0.006849432364106178,8.018832728266716
0.08543695766944438,1.2322936141863465,0.20169432274997234,7.620523364748806
0.10880578964948653,1.179543698206544,1.766968883574009,2.5772374332882464
0.06770875186193734,-0.43326981272548437,-0.19683987088501453,5.697480805683881
0.04110201039817184,-0.8289483934640884,0.8675721865147352,2.269749380648136
0.03253143832087517,-1.1532854959368706,-1.9603667920455337,7.998580809216946
0.09819364806171506,-0.0022293711081147194,-1.0229863580316305,4.060291722416878
0.03185674278996885,-1.24305428750813,-0.2541635241359472,8.591891000978649
0.06194078966975212,-0.9983817040920258,-1.1256559723988175,1.7555958987213671
0.04367094092536718,0.5480060474947095,-0.2838325221091509,0.14956176048144698
0.05984258161857724,-0.3106078328564763,1.044763209298253,9.21541437972337
0.057532195630483327,0.27660542726516724,-1.7350248275324702,5.823853081092238
0.04258822202216834,0.5964554725214839,-0.3592961598187685,7.856040115002543
0.04487747415434569,-0.23472930397838354,1.5563244195654988,4.023755849339068
0.030885256635956464,0.008783089928328991,-0.5908016506582499,1.0820711706764996
0.03777526804711669,1.231037282384932,-0.9669536706060171,6.327409762889147
0.046478003915399316,1.4032771354541183,1.313136138021946,7.864657964091748
0.031839107903651895,-0.28942284546792507,-1.3674549348652363,8.38515734532848
0.035900923321023584,1.9739201655611396,0.8359011616557837,1.145862543489784
0.03102407608181238,-0.9106445871293545,0.1296551302075386,3.354003813583404
0.034200985385105014,-0.9048376316204667,-1.9233672581613064,4.48911240324378
0.05165077995974571,1.5285065500065684,1.1130961310118437,4.72241671057418
0.11902613100595771,1.8011282151564956,-0.8934785975143313,1.152316234074533
0.07284726993180811,0.41774348821491003,1.3885612757876515,5.729159330949187
0.09346078805159777,1.2679432481527328,0.5098711745813489,0.02079301979392767
0.040568658695556224,0.6042754063382745,-1.9085974777117372,1.3635939988307655
0.03451468059327453,-0.3051913855597377,-1.712041706778109,3.0831093806773424
0.040928100985474884,-1.9979951363056898,1.2504081362858415,4.644345995038748
0.0694805365568027,-1.9239720134064555,1.4551557442173362,3.5677167074754834
0.04297609947621822,-1.9502503359690309,-1.708667065948248,2.4596340907737613
0.03362070607487112,0.12028296198695898,-0.8840356934815645,8.01127125741914
0.0834656484797597,-0.4124041749164462,1.5773738445714116,3.117658016271889
0.15693677807226777,0.9890550160780549,-0.48834240809082985,0.7642557704821229
0.03356961850542575,1.1476465621963143,1.4489054288715124,5.497254699002951
0.039386409474536775,-0.025436297990381718,-1.9218756509944797,7.766953208483756
0.03430408114101738,-0.31876898650079966,1.6911007463932037,5.5126177542842925
0.17253804155625402,0.6995749706402421,-0.7082989076152444,0.40223837830126286
0.045549626271240415,-0.8412335719913244,0.05284028686583042,5.3252706956118345
0.03598097240552306,0.09173445217311382,0.9482710296288133,9.694238165393472
0.12164389059413225,-0.32202691584825516,1.2819315427914262,8.963582427240908
0.05089968543034047,1.7764973090961576,-0.6792486067861319,7.192805132362992
0.03470483445096761,1.378007274121046,-1.0970225213095546,5.633109628688544
0.05514599749818444,1.3714288491755724,-0.4701048107817769,0.7745582843199372
0.21337006605695932,0.7575503177940845,1.2158781671896577,8.514253289904445
0.09463331611361354,-1.1726688416674733,-0.2689122771844268,0.13099799398332834
0.07376576990354805,1.8308123089373112,1.7329089092090726,8.171529334504157
0.09545771487988532,-1.2337907403707504,0.783769709058106,1.022959933616221
0.032502062655985355,-1.116571162827313,-1.464391177520156,5.846823567990214
0.0340122946863994,-0.9820758970454335,0.5795647092163563,2.0948130497708917
0.1078034044522792,-0.2847932120785117,-0.5608361177146435,0.3261494589969516
0.03639402323868125,0.7190454890951514,0.9059055848047137,9.687616107985377
0.031389223583973946,1.628808457404375,0.3433045409619808,4.754803744144738
0.04736418344080448,1.4452181058004498,-0.3748319111764431,1.130989519879222
0.032827667370438574,-1.1168424235656857,-1.2056563757359982,2.693791149649769
0.042246896657161415,1.3024014700204134,-0.7291926918551326,9.966477351263165
0.13896899368613957,1.2930466141551733,-0.7108590453863144,6.542369052767754
0.0321089128870517,-0.7808375507593155,-1.6779896123334765,2.2162494040094316
0.0799817882478237,1.9783843159675598,1.6579987118020654,6.3125948631204665
0.030707079037092626,1.290926651097834,-1.180669759400189,7.740660922136158
0.03905951544176787,0.16088937502354383,-0.2694973237812519,4.095764784142375
0.033853740347549316,1.519135787151754,-0.9401295110583305,9.272799890022725
0.03171900643967092,-0.043134753592312336,1.6679716920480132,6.019977445248514
0.03293036743998527,0.36176225915551186,1.5206795502454042,4.612414126750082
0.06077681218273938,0.3500091750174761,-0.17787701915949583,0.23654081160202622
0.03817507631145418,0.039973314851522446,1.1750701209530234,0.13610557653009892
0.0772023724578321,0.9006474567577243,-1.841302347369492,9.737475463189185
0.2772838806267828,-1.6412104498595,1.935101500712335,2.625625617802143
0.05506519908085465,-1.4203570941463113,0.8240272887051105,4.057508436962962
0.032014895477332175,1.8569723702967167,-0.6896219961345196,2.5307967816479504
0.04656567216385156,-1.2000315226614475,-1.167202546261251,2.863481929525733
0.03285898482427001,0.9580103093758225,1.7635387564077973,6.59848622744903
0.03759540771599859,0.47990497946739197,1.9711389224976301,3.6249775742180645
0.033440497210249304,0.9147922117263079,0.38504864927381277,8.739950822200626
0.04101528634317219,0.0795498788356781,0.6619385555386543,1.870506010018289
0.036940422649495305,1.20575319416821,1.3494822038337588,5.308360103517771
0.036063647563569244,-1.7688393630087376,0.8969558458775282,8.371904846280813
0.032038795161060986,-1.3693094654008746,-1.8839951511472464,4.477251924108714
0.36795319769065826,-0.7497168760746717,-1.6684379298239946,8.400329016149044
0.13575884786434472,-0.7609633142128587,1.357298412360251,2.787854603957385
0.09345355576835572,-0.8124885205179453,-1.2733995951712132,7.9625132493674755
0.13294376377481967,0.26366854552179575,-1.4367448464035988,7.0860778470523655
0.046329638571478426,-0.7968058651313186,0.15298784337937832,4.966177840251476
0.03224040716420859,0.5199640206992626,-1.9990350836887956,7.191465548239648
0.06201864046510309,1.2710544280707836,0.45164202991873026,9.730865659657866
0.08492540223523974,0.8040145169943571,1.565222391858697,4.124358771368861
0.04784056426025927,-1.613550977781415,-0.34404031094163656,4.907501903362572
0.030267209019511937,-0.5677250865846872,1.0175257697701454,2.5879944977350533
0.05324601837433875,1.4855626858770847,-0.11414975393563509,2.543051289394498
0.03450799284037202,0.17478228453546762,0.23936803545802832,2.9262737929821014
0.03206252384465188,0.5143710803240538,1.6730064982548356,9.191950468812138
0.123065453087911,1.389747941866517,-1.87158009596169,4.656257338356227
0.038926769057288764,-0.6002893783152103,-1.8791467128321528,2.6185303973034024
0.03208365912083536,0.6107893735170364,0.19372541457414627,9.209577958099544
0.03238632254768163,-0.19551962241530418,-0.719197865575552,6.960631320253015
0.11973838521167636,0.7390264021232724,-1.9656965117901564,8.369198688305914
0.030408755661919713,-1.8697576560080051,1.9925423189997673,9.19076420366764
0.03906701047439128,-1.7094842055812478,1.5762748252600431,6.641112505458295
0.05606698577757925,-1.6828315192833543,-0.4808938782662153,3.058680708054453
0.05595563116949051,1.8566620331257582,-1.2254001228138804,8.809252665378153
0.12137092068791389,0.8699697600677609,1.0137214167043567,7.340035906527191
0.24477854167111218,1.0586020592600107,-1.2611779244616628,0.9414889244362712
0.07497440569568425,-1.2770490730181336,-0.9885376067832112,4.775950901675969
0.030046505788341164,-0.8248763717710972,-0.7404330568388104,1.4905564417131245
0.07452530422713607,1.667086605913937,0.27502283826470375,5.647369436919689
0.03615934713743627,-0.1019593346863985,0.3171060783788562,1.2628229893743992
0.036369378766976296,-1.3255642652511597,-1.432795804925263,4.020556681789458
0.0942861315794289,1.5233564050868154,-1.5659685777500272,7.164851275738329
0.09175191095564514,-1.530187301337719,-0.1800604648888111,3.8806329667568207
0.09744375706650317,1.564022472128272,1.1210158746689558,3.4041347401216626
0.052485938384197656,-1.992762116715312,0.7548922328278422,9.463195130228996
0.11013953505083918,-0.3198913652449846,1.2070406544953585,8.577375779859722
0.032994467495009304,0.7604361958801746,0.039835261180996895,6.942007704637945
0.13212490177713335,0.11071599368005991,-1.6904671844094992,5.695697176270187
0.14235899927094578,-0.18051213398575783,0.7781580304726958,2.410571596119553
0.036078446460887786,-1.103360652923584,-0.1392030455172062,6.886419013608247
0.10594938658643514,-1.8023233003914356,1.9289829870685935,6.867194725200534
0.04503164469730109,0.5943461107090116,0.3739117197692394,5.89893861906603
0.06910245383158325,0.8418552950024605,1.4847773872315884,3.7795022828504443
0.07780601033009588,0.8073153784498572,-0.3440079977735877,5.457955640740693
0.03196708616800606,-0.39917595498263836,-1.8657103944569826,3.668828608933836
0.031122504556551574,-1.6931959800422192,0.12691832892596722,8.16304242471233
0.054325125254690645,-0.29411160852760077,-0.27807877492159605,5.429064743220806
0.10579733110498636,-1.2540047410875559,-1.696783629246056,6.6230290732346475
0.15855484244879334,-1.709928979165852,1.8215951146557927,4.015642029698938
0.035439768615178766,-0.7050813855603337,-0.4785026600584388,0.265881575178355
0.07289464549161494,-1.8293850123882294,-1.0988330440595746,8.140353613998741
0.0752234619995579,-0.3366943895816803,-1.5385390017181635,2.0860067033208907
0.033571281069889665,-1.94234702270478,1.0920522613450885,1.4390757912769914
0.046341770775616166,-0.14859605580568314,-0.0793912410736084,8.119892138056457
0.04328798299189657,0.4330666298046708,1.1035964787006378,5.128451087512076
0.120194294587709,0.6919654589146376,-0.20801249891519547,6.5712923323735595
0.03731214115861803,-0.470816976390779,-1.5783297345042229,7.218019771389663
0.3392042735870927,1.5360683491453528,1.4662791891023517,3.0754118389450014
0.03927699495106936,1.0227963151410222,0.6572715910151601,5.715543229598552
0.0422343880822882,0.507512834854424,-1.4528321884572506,9.807144890073687
0.04390833967830986,-0.5718232579529285,1.332753974944353,2.5976804178208113
0.042974017364904284,-0.11409504432231188,0.6842525899410248,4.697691109031439
0.04073603743687272,0.7883481932803988,1.8886890802532434,9.29440900683403
0.031711438405327495,0.9541033711284399,0.2863645264878869,9.099491250235587
0.030206657643429932,-0.8550124727189541,1.7876121439039707,6.555349028203636
0.032135927216149864,-1.7686764961108565,-0.4714315999299288,8.246681769378483
0.04231589009985327,1.0018872562795877,1.3454945059493184,3.3392715267837048
0.04428236271254718,-1.6486118230968714,-1.6033713426440954,4.183462394867092
0.05288296150509268,1.2162617798894644,0.4538727607578039,2.452440189663321
0.07298009897582233,-1.67446478176862,1.7016713982447982,4.660219179932028
0.03505239592399448,-0.9996830197051167,-0.8448100127279758,0.16941897803917527
0.03080856108572334,-0.01937063690274954,-1.2500148033723235,5.0096446624957025
0.12086342522874474,0.935612908564508,0.1810194831341505,8.318246118724346
0.08303721814416348,-0.26787417475134134,1.8422661498188972,4.602188831195235
0.05355340049602091,-0.8353020194917917,1.0069027887657285,1.8703691312111914
0.04154641191940754,-0.9824639279395342,0.2769694169983268,6.94412974640727
0.05187617234420031,-0.6830968922004104,0.616125020198524,7.598802102729678
0.03395807429216802,-1.2010188354179263,-0.8522820249199867,2.7776351617649198
0.032613964919000864,-0.23256470076739788,-1.493544946424663,3.5287786787375808
0.07042714957613497,1.6355174463242292,-0.1253349957987666,1.3091404177248478
0.05586704173590988,-0.02179811242967844,-0.7110478030517697,9.77542317006737
0.03767752783372998,1.1411591591313481,1.6022511180490255,3.3178222528658807
0.032022436526604,-0.017723034135997295,1.9025723589584231,0.7101396378129721
0.03489087805617601,1.3066013623028994,-0.873258295468986,7.427296021487564
0.044386416864581404,0.9259378742426634,-1.123605227097869,7.240172047168016
0.037078188825398685,-0.965759539976716,-0.8542331457138062,8.213274562731385
0.11564656012225896,0.08914575353264809,1.3755236901342869,7.038800334557891
0.035648161540739236,-1.8483034064993262,-1.7411604449152946,5.597027789335698
0.08718545481562615,0.23521869536489248,-1.7976588048040867,4.362000743858516
0.11161286968272179,-1.606798275373876,-0.6766073293983936,9.101587459445
0.03653040522243828,-0.799068565480411,1.442286141216755,0.7666614698246121
0.15789463136810808,-0.4537597466260195,-1.4982615755870938,1.3289952953346074
0.1012867320748046,-1.6949584120884538,0.2835461776703596,9.60979244671762
0.03337482776027173,1.700555487535894,-0.1508346814662218,7.480466661509126
0.06351875508204102,0.2136824717745185,0.07552936859428883,5.373216525185853
0.050742717529647055,-1.6960301036015153,-1.4528476223349571,5.753501877188683
0.036989584621042015,1.7485001143068075,1.3336049281060696,0.24070168379694223
0.06281728950794786,-1.0951761156320572,-1.1731891874223948,2.4723689584061503
0.05161549598444253,0.9228612864390016,-0.08465383108705282,8.299836942460388
0.032206885740160944,-0.6571797607466578,1.554618377238512,8.780103749595582
0.06058531361632049,1.7058709459379315,1.438591342419386,6.102706037927419
0.04776861268561333,-0.322712792083621,-1.9306181650608778,1.1305392440408468
0.04612841941416264,-1.9718936812132597,-1.5159312952309847,7.2976802522316575
0.3224007234722376,1.3983534099534154,-1.4807828096672893,4.917753464542329
0.06551072262227535,-0.9231488537043333,-1.5942078568041325,5.721867245156318
0.030474261781200766,-0.47995476983487606,0.8186780838295817,2.100184343289584
0.058261849526315926,0.7638646475970745,-0.5225229142233729,5.649207693058997
0.31742508530616764,-1.0107388524338603,0.5564649058505893,3.4461416373960674
0.0741666038846597,-0.09307235293090343,0.051858256570994854,5.69035760127008
0.03445623802952468,0.5900060087442398,0.2924780724570155,4.4852977129630744
0.03158559735864401,-0.662680059671402,-1.426414011977613,2.6971549564041197
0.03475705198477953,1.4052699925377965,-1.5730752851814032,0.04420844605192542
0.0606504314346239,-1.474679167382419,0.5532116238027811,2.3933632601983845
0.1391821643896401,-1.1216937396675348,0.23135190550237894,4.155315780080855
0.06044395274482667,-0.8960710214450955,1.740405016578734,8.936195480637252
0.03213277450762689,0.8592192633077502,-0.7616815259680152,7.806215595919639
0.038443489149212834,-1.0546482792124152,0.1905831666663289,9.673056108877063
0.051151237427256996,1.8992498759180307,-1.773036046884954,3.809087637346238
0.06699827781878412,1.3811578564345837,-1.575158960185945,9.17685731779784
0.041329353093169624,-0.49255675449967384,-1.5467976173385978,5.443004169501364
0.08357862702105194,0.8402287289500237,0.3567066118121147,1.5198427392169833
0.039990188521333035,0.5725719192996621,0.6053876718506217,9.559837558772415
0.03584151525981724,0.987019314430654,-1.9069585651159286,1.1293118656612933
0.07405393780209124,0.3848241940140724,0.6445605028420687,8.419650802388787
0.03247610074467957,-0.4388849064707756,-1.6840205304324627,8.559219967573881
0.03156757502350956,0.6788399126380682,-1.01795076392591,2.725733208935708
0.034336843006312845,0.07842449005693197,1.9175616297870874,3.8168516964651644
0.03336889729369431,0.0669122589752078,-0.586481025442481,5.111850954126567
0.21654425185639412,0.1761919939890504,-1.8900237791240215,1.7575354385189712
0.046985040060244496,1.024942621588707,1.0778236165642738,9.41133689833805
0.030872343000955878,1.1019781352952123,0.0008785594254732132,5.849840296432376
0.11069276992231607,-0.8582531847059727,-0.824647281318903,1.8679758114740252
0.036745007839053864,1.0453110942617059,0.2843328695744276,2.7493025548756123
0.031661343886516986,1.9282471993938088,-1.5114877363666892,6.27055510180071
0.043945187935605645,0.2885708259418607,1.9225738234817982,4.664048394188285
0.03559171700850129,0.9985642461106181,0.39945668168365955,4.213904840871692
0.03577475476078689,0.8393415156751871,1.9304350512102246,4.417078939732164
0.036633668285794556,0.7528224373236299,-0.9135029055178165,4.688250764738768
0.0631273215636611,0.15173500962555408,0.2709084218367934,6.726403343491256
0.03297584949992597,-0.5170182706788182,-1.7705252915620804,6.5570242097601295
0.03592570271808654,-1.36215909011662,-0.4508102089166641,3.1466795201413333
0.03514644003473222,1.10036679264158,0.012365108355879784,1.8658306682482362
0.046681625880300996,0.3667705152183771,-1.0104422448202968,2.4091315013356507
0.034749068096280096,-1.4928599623963237,-1.498590842820704,3.5595968388952315
0.030886085219681263,-1.912390130572021,1.3806043323129416,1.115946350619197
0.060264782379381356,0.9126821607351303,-1.69479538500309,2.404829857405275
0.03428653118666261,1.9934135247021914,1.2795513439923525,7.218041988089681
0.03674727714154869,0.10678673628717661,-1.2126642493531108,5.087141115218401
0.03560734789818525,0.1405792972072959,-1.5767802149057388,9.933568814303726
0.03670394224114716,0.47264371532946825,1.6334962109103799,2.2404013155028224
0.03748239679262042,1.1034388802945614,-0.5811611963436007,2.217573360539973
0.08376978387124837,-0.4689470110461116,-1.477241026237607,3.7223074305802584
0.04584206150379032,-1.9672342473641038,1.3843788681551814,5.214868874754757
0.03805308646056801,-1.247802583500743,1.1304435059428215,7.491602685768157
0.1308968637185171,-0.8455799343064427,0.45814469177275896,4.533510007895529
0.05189557177014649,1.4775537643581629,1.1704915277659893,6.775602663401514
0.030750957331620157,-0.31881228741258383,-1.6794690769165754,1.594210376497358
0.08851164013613015,-0.285259909927845,-1.8847666019573808,7.399683853145689
0.1603315418353304,0.2057136446237564,-0.5552814146503806,5.793052422814071
0.03686834694352001,0.8751114774495363,-0.7602925999090075,1.5944401919841766
0.12449619732331484,-0.12320749741047621,-1.3722455771639943,0.7397376513108611
0.033953213854692875,1.282439381815493,1.0767694720998406,8.425831701606512
0.045599182224832474,1.5905697299167514,0.9294844828546047,2.4405185342766345
0.06624178712721915,-0.615620382130146,0.1213786443695426,0.5274230451323092
0.09722554640378803,1.4242826737463474,1.7414975352585316,1.1904099327512085
0.03185870872344822,0.9542864328250289,0.639574883505702,0.8576219319365919
0.03274176025297493,-1.9446242107078433,-1.90938931517303,3.3383391913957894
0.04570854050572962,-0.58530677203089,-1.162780242972076,0.9325977531261742
0.05179067596793174,-0.24828879907727242,-0.5602726619690657,1.762528596445918
0.11365476841107011,-1.0265755858272314,-0.7891024174168706,3.6584093258716166
0.04479893168900162,1.2834435049444437,0.4424856873229146,9.683557245880365
0.03230659160297364,1.8423184659332037,0.2454254264011979,6.271469292696565
0.039514971752651035,0.448779390193522,1.601453091017902,2.06645249389112
0.059217362222261725,-0.6325178015977144,-1.9485489139333367,1.7197601590305567
0.044231302980333564,-1.009966554120183,0.9015900753438473,3.9461946836672723
0.0354929030733183,-0.614190879277885,0.8863852061331272,8.817817012313753
0.03740614976268262,1.30245210416615,-1.2691302429884672,5.602492874022573
0.0549761398229748,-1.838662963360548,1.030316887423396,8.81044632056728
0.0869197586644441,-1.910631355829537,0.5723515274003148,4.777440733741969
0.03502259077038616,0.07721147313714027,-0.9292248077690601,0.8335738955065608
0.03443648864980787,-0.6568848639726639,1.802034235559404,8.315532312262803
0.03065123698208481,1.0942787192761898,-1.0939271170645952,8.886054868344218
0.07579840962775052,1.671471162699163,-1.9247651742771268,3.0145867471583188
0.0356460774410516,-0.45659154560416937,0.7186150792986155,9.446544297970831
0.03162973130121827,-0.39804909098893404,0.4748612390831113,0.0028184987604618073
0.20326964976731687,-1.1785555724054575,-0.9940091343596578,1.1183707928285003
0.1644061439158395,0.84022022690624,0.2186850756406784,8.774218317121267
0.11800942781381309,1.0174229238182306,-0.9096925910562277,6.845506499521434
0.03577677608467639,1.2504608323797584,1.4338933369144797,0.7510166498832405
0.031215378367342055,-1.9288825895637274,1.7419062554836273,0.7540438650175929
0.1476765985134989,-0.42414559982717037,-1.0758121041581035,5.580845039803535
0.0658838278800249,1.6440497003495693,-0.7052549934014678,6.392611244227737
0.03793126817792654,-0.5445182016119361,-0.8423715252429247,5.499587310478091
0.032155762379989024,-0.7377082370221615,-1.1356756407767534,1.3421754632145166
0.03150202317163348,-0.4819925418123603,-1.5701021319255233,6.274203690700233
0.030266710789874196,0.2602066099643707,-1.887877500616014,8.459853064268827
0.15418764975853264,0.8907665982842445,0.5963904289528728,2.3903576633892953
0.07560574132949113,-0.3600658504292369,0.6014852793887258,3.54457245208323
0.030708163836970923,0.1825468558818102,1.5912011973559856,1.8833668529987335
0.04186066103167832,1.9209577850997448,1.2058664066717029,5.457863104529679
0.06637507718987762,0.9279151670634747,-0.2860945826396346,5.212089419364929
0.041424377472139895,1.5054948246106505,-1.6604662211611867,0.6398088624700904
0.043697489406913516,0.4647946134209633,0.5006710737943649,0.5026243138127029
0.26064406740479173,0.8611253220587969,-0.5509105967357755,9.280457848217338
0.07610018453560768,-1.4082773327827454,0.6752733457833529,2.3196224798448384
0.03743457072414458,1.99710185918957,-1.420347479172051,7.998535071965307
0.03292672076262534,0.1301269493997097,1.3893145751208067,2.2472190554253757
0.08357381316833198,1.822126385755837,0.9997161272913218,1.3018024386838078
0.1289345266390592,-1.9232053346931934,0.6961880922317505,4.900107765570283
0.055498672216199335,-0.051127576269209385,0.24689440336078405,9.15562596404925
0.08485420311801135,-1.4226483395323157,1.833603429608047,3.4579973202198744
0.09440209637396037,-0.17479709163308144,-0.06746506225317717,4.942372385412455
0.06324207799509168,-0.040326615795493126,0.27813965640962124,8.904748517088592
0.04948456555139273,-0.7130663944408298,-1.6354647120460868,6.082284806761891
0.08276464619673787,-0.587720675393939,-1.689582597464323,2.494732968043536
0.03163900308776647,-0.8484690841287374,-1.1429045666009188,3.9760176930576563
0.04223854889627546,1.4521260568872094,1.714484840631485,3.4355628746561706
0.04212532180827111,1.4949012529104948,1.444628176279366,0.4822637187317014
0.032312101954594254,-1.8554809596389532,0.6825948571786284,1.7548984987661242
0.1254635701002553,-1.5140813793987036,-0.32619478832930326,1.7081521824002266
0.033627433595247565,-1.8600413398817182,-0.8237184202298522,7.028603192884475
0.03662228825502097,0.030600402504205704,0.5440195444971323,1.3123414292931557
0.0545702008344233,0.4762936709448695,1.8832269255071878,1.3606157875619829
0.04737226532772183,-0.673753347247839,0.7374736107885838,9.112226574216038
0.03172388818114996,-1.8827481511980295,0.036141143180429935,1.002769882325083
0.06193044558167458,-1.113441102206707,0.3341648820787668,7.4353449628688395
0.03191889196634293,0.059666283428668976,0.09250842966139317,1.3197821704670787
0.0428636867692694,0.4967018635943532,-1.201016828417778,9.764351828489453
0.03527619363274425,0.8745625577867031,1.3739856081083417,2.3425117903389037
0.03640139726456255,0.030358843505382538,0.17604375816881657,9.896642805542797
0.04070676261093467,0.6361668901517987,-1.4792134454473853,8.689667508006096
0.22443946002516896,-0.6420919597148895,0.9560004128143191,6.234378213994205
0.03290739746298641,-0.23376666940748692,0.6813582116737962,7.467342326417565
0.030730231376364825,0.823399106040597,1.02428266312927,7.883414386305958
0.07305819718167186,-0.28021270874887705,1.4129263060167432,0.9608753188513219
0.5612584649305791,-0.3891140939667821,-0.3980421982705593,5.229179537855089
0.05305990432389081,1.9445483358576894,0.8781083440408111,8.86224176036194
0.05153608687222004,-0.34107890632003546,0.8657790208235383,5.931724344845861
0.056845973213203255,-0.36632887460291386,1.0867628082633018,9.975190272089094
0.08440351861994713,-1.6726744752377272,0.46025634929537773,1.68765461537987
0.15962732009124012,1.9164273580536246,-0.482277556322515,3.775349329225719
0.0392562136054039,-1.7963777221739292,-1.905496940948069,2.379707177169621
0.03147291962988674,-0.6957013411447406,-1.3638559989631176,2.721557554323226
0.06624601440969854,-0.9381714286282659,-0.13743686769157648,1.663310076110065
0.0356865439703688,-1.1038590213283896,-0.592348207719624,2.969980132766068
0.03120418978855014,-0.9802439762279391,0.023475301451981068,9.483869874384254
0.03599230641964823,-1.7555996822193265,-0.07162073906511068,2.7520069293677807
0.06376061375718564,1.8251406298950315,-0.14836811646819115,9.5850799838081
0.03247276993468404,1.9488446367904544,-1.9494795994833112,8.809582199901342
0.0541827187826857,0.8692567525431514,-0.8432310335338116,1.7849086574278772
0.06924756221938878,-1.6119674043729901,-0.3270802656188607,4.273461163975298
0.18078717484604567,-1.7676331484690309,-1.102897247299552,4.8155867285095155
0.04315651939250528,0.0013461662456393242,-0.7442870642989874,1.7300438019447029
0.039509938326664266,-1.8255470022559166,-0.120146993547678,2.1367568452842534
0.15088351152371615,-0.19608570262789726,0.43750095181167126,9.024992308113724
0.054257295294664803,-1.1876178439706564,-0.3149828063324094,0.9496859065257013
0.1625653961719945,-1.2601074539124966,0.4684982458129525,7.100400186609477
0.03584216886665672,0.7995105981826782,1.0063512194901705,3.799159007612616
0.03527208536863327,0.9853573674336076,-0.47302659694105387,6.00608823588118
0.034621276455000044,0.08608978427946568,-0.831206800416112,5.9714944823645055
0.0351409856416285,0.4001636914908886,-0.7264917194843292,5.144964244682342
0.04055169502738863,-1.3714281460270286,-1.923023009672761,7.082404193934053
0.037738809795118865,1.4155429294332862,-1.0019922936335206,6.018999044317752
0.03001515367999673,-0.8318335087969899,-1.9605852281674743,5.515329139307141
0.03187780307605863,0.19344906974583864,0.7776175504550338,4.051989431027323
0.032544305939227344,-0.35292345471680164,1.4022103222087026,8.129130038432777
0.03082050183787942,-0.23963426146656275,0.5468203080818057,5.45080634765327
0.04081685488577932,-0.13061903789639473,1.2488607075065374,0.20584297832101583
0.04376170535571873,1.939788338728249,-1.1587550081312656,8.864157295320183
0.04466065904591232,0.7281443402171135,0.9567568209022284,0.652628275565803
0.043773571401834487,-0.13833127729594707,0.48813567124307156,2.7855508867651224
0.07575492872390896,-0.005144497379660606,1.3809134718030691,8.642291130963713
0.06088125946465879,-0.8028729138895869,-0.20704746525734663,9.0062893088907
0.033465619743801654,0.7488230466842651,1.6997752655297518,2.5104482495225966
0.05976831671316177,-0.3508214261382818,1.4837445924058557,2.7152712154202163
0.11581697766669094,-0.2784488396719098,1.343087675049901,9.258072255179286
0.06160153590608388,1.7420726316049695,-0.33318203035742044,8.610194765496999
0.0787703860597685,-1.004778848029673,-0.59291897341609,6.157277533784509
0.3050553196528927,-0.3699288237839937,-0.11795932799577713,2.0924029126763344
0.06082204285543412,0.12678855657577515,0.6704171057790518,1.4536077319644392
0.04697550722863525,0.6487710177898407,1.5915879514068365,9.084379530977458
0.03714101774152368,0.8996337726712227,-0.20746346935629845,2.1505066310055554
0.032433215784840284,-1.158247116021812,1.970261654816568,4.728441776242107
0.10282206022180616,-1.900711947120726,1.7091330597177148,5.551723414100707
0.06369660232681781,-1.1249846061691642,0.29813815653324127,5.924186231568456
0.0627234038989991,-1.4706688188016415,1.9594256384298205,6.473131843376905
0.03550977271981537,-1.781562253832817,-1.9235950829461217,9.723297243472189
0.06309470002073794,0.9642042806372046,-1.1085351686924696,6.825866913422942
0.04750496654771268,1.643349221907556,-1.508107678964734,7.760702471714467
0.04806363394018262,0.43984690215438604,-0.6852112766355276,7.041887759696692
0.068880750448443,0.3084160666912794,0.5825026193633676,9.253313345834613
0.042751416657119984,1.9920551208779216,1.3845001077279449,5.109122870489955
0.0360624133516103,1.1519580567255616,0.3834927137941122,6.55564836692065
0.03411656585521996,0.6860399339348078,-0.8500473210588098,3.2138466415926814
0.03500147537793964,0.6172457253560424,0.3727147299796343,7.905281851999462
0.0964209041185677,0.2211921252310276,-1.5116867423057556,7.567842956632376
0.07021697961259633,-0.34492318890988827,-1.0840492099523544,6.172438156791031
0.061025341851636765,-1.773426198400557,0.7124878875911236,5.726383144501597
0.09934645884204656,-1.8520303359255195,-0.9855560241267085,8.22349804919213
0.0564392317738384,0.8843073640018702,0.6819874942302704,5.322466373909265
0.03405642550438642,1.317953146994114,-1.5993948429822922,3.7082367623224854
0.11790287995710969,0.9328007465228438,0.016215577721595764,6.76698652561754
0.03367316050920635,0.39606992807239294,-1.6288442742079496,9.912799773737788
0.11433581054676324,0.11381617747247219,-0.13067701272666454,1.5823233826085925
0.12516708455048503,1.0889556864276528,1.223547006957233,7.559695735108107
0.054138495931401846,0.4643061710521579,1.0078113349154592,2.9251247690990567
0.06933627379592508,-1.889277320355177,-1.7260036496445537,2.1281972085125744
0.052942626918666066,-0.8623793255537748,1.652637930586934,8.690531686879694
0.048044655197300015,-0.03208060469478369,-1.7921594278886914,9.724743629340082
0.06881940741557627,-0.19094475079327822,-1.3458530977368355,3.0871272226795554
0.04867343179415912,0.0694002928212285,1.956336110830307,5.346175141166896
0.0816577679850161,-1.7872992446646094,-1.8325934335589409,9.837122657336295
0.05892177570145577,-1.3271940434351563,1.873208623379469,3.3390961098484695
0.05241462536156177,-0.4736974788829684,0.5363308228552341,5.718649432528764
0.03880421905312687,0.036154222674667835,-0.3058347534388304,6.996966751758009
0.04329343056771904,-0.4774089064449072,1.1873556338250637,0.9591195057146251
0.3601980900485069,1.4884310252964497,0.42526301834732294,2.6800159900449216
0.13790666640736163,1.1287321094423532,-1.2903450010344386,1.9544021948240697
0.06635207539889962,1.9175113439559937,0.8106055483222008,8.60742887482047
0.0507583813695237,-1.7716027665883303,-1.699758262373507,2.5047819851897657
0.07874156912788749,0.03323926962912083,-0.7695524450391531,6.757675900589675
0.03557950214482844,0.06451576668769121,-0.645168200135231,2.153007658198476
0.0419119835132733,-0.23337097465991974,-0.220194592140615,7.71753950510174
0.06201286622788757,0.4687037728726864,1.2351120710372925,4.511160880792886
0.041429699212312696,-0.649320381693542,-1.0829835180193186,3.2168102520518005
0.032891741008497774,0.1465031998232007,-1.8278106013312936,9.28769052727148
0.03652256194036454,-0.3130199210718274,1.7836535414680839,7.898450228385627
0.045550562227144833,-1.2251954758539796,-0.2435317626222968,4.565154511947185
0.06553580709267406,-1.8511517802253366,1.5600260347127914,5.173459763173014
0.047580461972393094,1.3793044853955507,1.3060839716345072,0.08144245482981205
0.0325789774954319,0.4601970622316003,0.2447113199159503,6.0395273845642805
0.09413213317282497,-0.07750785164535046,-1.9176848893985152,5.805639876052737
0.2396478541009128,-0.9589898753911257,0.24035084061324596,1.1847101105377078
0.04933446293696761,0.2772323517128825,0.8166444804519415,1.3664155849255621
0.11402457779739052,0.10170446895062923,0.9674138547852635,2.6628774451091886
0.04259558241348713,0.14709163270890713,-0.34817962255328894,3.0166208371520042
0.03362304639071226,-1.211351246573031,1.9703147308900952,4.00544258300215
0.05044817888177931,1.127735131420195,1.7613153047859669,4.582204942125827
0.04156905495095998,0.48845042288303375,0.19635962415486574,4.825323356781155
0.03126971323508769,0.638896968215704,1.2035543536767364,9.483827245421708
0.040879194661974906,0.17271570395678282,-0.19390365947037935,2.1139638125896454
0.08280093344859779,1.9985771737992764,-0.6982218511402607,2.9565417766571045
0.035768771744333204,-0.5683145001530647,0.25603171717375517,2.1644368581473827
0.039523558118380604,-0.886774635873735,-1.7832983862608671,4.632210440468043
0.09548399578314275,-0.9683023681864142,-1.2863237150013447,8.95090713398531
0.27377989805303515,0.06762396544218063,0.4332409165799618,4.84749294584617
0.06752769452985376,1.8167629409581423,1.3539801929146051,4.444443858228624
0.03695705255493521,-1.0768504682928324,0.4973137779161334,3.556727815885097
0.038890948221087455,-0.8541441103443503,0.6863211039453745,3.2523735123686492
0.031132031138986348,0.6399006545543671,0.5671950504183769,0.7497908361256123
0.2006422650301829,-0.06931941397488117,0.677116958424449,9.520867171231657
0.1558444814570248,-0.26511674001812935,-1.6928109601140022,8.114870227873325
0.12568294680211695,0.3834144314751029,-1.383652251213789,6.876379589084536
0.05082110575400293,-1.8291074465960264,0.08080034423619509,9.696524529717863
0.05448798527475446,0.3772496022284031,0.3988823974505067,6.311582003254443
0.0898599557718262,0.916755243204534,-1.9310964392498136,8.324755844660103
0.11017003499902785,-0.4637942351400852,-0.45283759478479624,2.871768253389746
0.05107489637564867,0.120980529114604,-1.5859495270997286,8.649777092505246
0.03298545220866799,0.4728807844221592,0.170408527366817,3.7974351504817605
0.04832301331218332,-0.0914163663983345,1.6492877583950758,5.210311345290393
0.1442098581790924,-0.1449981266632676,-1.4028276661410928,0.19406564068049192
0.06309939400292933,1.4897505613043904,1.1350092589855194,4.8600608366541564
0.03974298452958465,1.7170246466994286,-1.134497992694378,0.8581629791297019
0.03778778145089745,-1.9022059440612793,1.8496419489383698,2.007141928188503
0.046533052325248715,-0.898801414296031,-0.13926165737211704,2.297495100647211
0.06336447830311953,-0.7386839333921671,1.0358333038166165,2.0833784993737936
0.07275023530703037,-1.9108984461054206,-0.29652911704033613,6.788290021941066
0.03891087911091745,1.4283331176266074,1.3963299179449677,3.577412529848516
0.049959030714817346,-0.26121012680232525,-1.8287301696836948,8.372463672421873
0.07188888091128319,0.5451866174116731,-0.3125441260635853,7.832235663663596
0.03285226923413575,1.4308301704004407,-1.1254090340808034,0.14159511076286435
0.03101709262933582,-1.5256315087899566,0.6173232719302177,4.797971299849451
0.03198336583562195,-0.8008066108450294,0.5663126921281219,1.6582147334702313
0.0817230729945004,0.04088757839053869,-0.15678271558135748,2.915114527568221
0.06331831934396177,-1.2933667311444879,-1.8471003230661154,7.052776822820306
0.1001974171679467,1.257615246810019,0.11946370080113411,5.847976992372423
0.03134625056758523,-0.1652598027139902,1.9313491433858871,8.066554700490087
0.0586781703820452,-1.9932894269004464,-0.3420489365234971,7.531761666759849
0.10528939848765731,1.7869175039231777,-0.5940797254443169,4.443450975231826
0.03187125706579536,1.4847015626728535,0.290073879994452,3.6507937987335026
0.042479791175574065,0.36666251346468925,-1.2314832350239158,3.643090487457812
0.11527764862868935,1.3091996032744646,0.5335455322638154,9.504703688435256
0.03654249084182083,-0.006573058664798737,1.4159611212089658,5.07989038946107
0.12017838362138718,1.1580486679449677,1.3721712855622172,8.710535005666316
0.06493522677104921,1.9408719288185239,0.257900875993073,3.312145257368684
0.03964847258292138,0.28756431117653847,-0.7980059003457427,6.186473276466131
0.032092502838931974,-1.8174915239214897,1.6199634801596403,0.727817181032151
0.03844936422538012,1.875278165563941,0.4475754899904132,7.431457021739334
0.04906337033957243,0.398243660107255,1.9060200303792953,3.610663041472435
0.035566927953623234,-0.2916459422558546,-0.06941111572086811,0.6069323909468949
0.055327641116455197,-0.217955332249403,-0.5607626689597964,1.6421269462443888
0.1873936311015859,-0.12470251973718405,1.7413383573293686,0.8440615562722087
0.035370063334703446,-1.1514344587922096,1.4114992301911116,8.113196948543191
0.03582600225228816,0.4352667639032006,0.6676895366981626,3.485551276244223
0.041757893357425926,-1.439283694140613,-0.21834213566035032,7.973277303390205
0.03577790661714971,1.216137746348977,-0.27543939370661974,8.62411942332983
0.046160862571559845,1.0471145678311586,-0.724389729090035,3.113976209424436
0.04034062717109918,0.6141171641647816,0.09814674593508244,3.897391294594854
0.3365131478384137,1.3915903996676207,-1.081650948151946,8.729224156122655
0.11855857231654227,0.772120887413621,0.48959214333444834,2.938520007301122
0.07146129336208104,1.1471786890178919,0.920501958578825,5.88698600884527
0.04306672812905162,-1.5980358282104135,-1.7478239890187979,9.96860749553889
0.04210179679095745,-0.34698694571852684,0.8307089284062386,7.845606170594692
0.10910679022781551,0.743833034299314,1.4848353257402778,3.239634584169835
0.047971235066652296,0.61021520011127,0.7662456966936588,7.867794495541602
0.03215823449660093,0.9013772225007415,0.7160066170617938,2.4600308970548213
0.03284977126866579,0.6903363829478621,0.9294807640835643,6.06281821615994
0.03773613571655005,-0.534368772059679,-1.7405295325443149,3.9183085248805583
0.03899985400494188,-0.2327973060309887,-0.8876262027770281,8.395401136949658
0.09126294202636928,-0.3734804019331932,1.1425262819975615,8.247784457635134
0.03373838854022324,1.3000434394925833,0.9714749371632934,2.193940521683544
0.0550947397807613,1.4614894250407815,0.9337726002559066,3.544270114507526
0.04754851704463363,-1.0496801231056452,1.3768496662378311,9.525026930496097
0.03052474346477538,0.42075041960924864,0.388290680013597,3.737716809846461
0.03598908326588571,-1.8492962177842855,-0.06260410696268082,1.3224846334196627
0.051777638201601806,-0.6814184319227934,-0.20870406366884708,8.478592440951616
0.030808590059168636,1.0027832575142384,0.6657075081020594,6.837740989867598
0.03192606175784021,-0.10890853404998779,-1.5044704377651215,3.6152898869477212
0.04323565950617194,1.1781601645052433,0.28654394298791885,9.03095230460167
0.043089518868364395,1.514175895601511,1.487083957530558,8.692285208962858
0.03643816570285707,1.9064514143392444,-0.3695330023765564,0.8654134487733245
0.061204738607630135,-0.6588467052206397,1.4759656293317676,5.032802650239319
0.045980286994017655,-1.0860128635540605,1.1706387866288424,5.659645984414965
0.03876993522979319,-0.6469651190564036,0.7853746367618442,8.472521083895117
0.06257256331387907,-1.3417745968326926,1.8403850020840764,4.230732922442257
0.041822046530433,-1.6314798928797245,1.842452960088849,8.371027691755444
0.09346903383731842,0.9981008693575859,1.80825602915138,4.862691666930914
0.1310439286660403,1.6750389775261283,1.1802681367844343,2.646774691529572
0.07778528835158795,0.11492038704454899,1.925610400736332,3.0799643392674625
0.06907197859603911,-0.7261534985154867,-0.12727730721235275,9.238819414749742
0.0379761594068259,0.7493067923933268,0.21423130854964256,4.303863181266934
0.03508191531989723,-1.5512208100408316,-1.8714169599115849,9.70570816192776
0.056215532631613316,-0.2658497504889965,1.751711878925562,6.055999640375376
0.08201394280884414,1.5755744734779,1.6531540285795927,8.90008096350357
0.0551907597668469,1.4403257351368666,1.2758443066850305,7.741977709811181
0.052546016811393204,-0.16716546285897493,1.7992408350110054,5.004122203681618
0.04487995138391852,0.8293796665966511,0.5977666052058339,5.504845918621868
0.03222164515405893,-0.2644390556961298,1.8235652521252632,7.74369936902076
0.06727906885091214,-1.738276395946741,0.6085933800786734,4.187160430010408
0.33217503681778904,-0.6100619928911328,-1.2370246332138777,2.2558624390512705
0.03175797572359443,1.0693791564553976,1.2312122862786055,0.896057840436697
0.10667461862321943,1.7175681414082646,0.7421960085630417,8.740697475150228
0.04819102392997593,1.7833968624472618,1.519548298791051,8.64906199509278
0.03876554376445711,1.9171429891139269,0.24621054530143738,5.659394746180624
0.07505971828941255,0.5364418430253863,1.2478468930348754,2.842655156273395
0.050944536607712504,-0.5388218751177192,0.29475298523902893,4.37891757581383
0.07517947434447705,1.8676102785393596,1.6325551439076662,6.729508696589619
0.043213309049606324,1.8532326016575098,-0.013569435104727745,3.0863784858956933
0.033505901638418434,0.26692278031259775,-1.7353460984304547,9.590099866036326
0.03138258269988,-0.6806377395987511,1.2853510286659002,4.0266226208768785
0.05006189610343426,1.3930736938491464,-1.478572349064052,2.1193578117527068
0.06853288986720144,0.3802995327860117,-1.5733509166166186,6.043540765531361
0.0717401187447831,-1.1117930365726352,0.5197115242481232,8.30586472991854
0.03267862285487354,-1.1772712180390954,-1.5624767933040857,0.10614992352202535
0.052844787002541124,0.7131545059382915,0.011981592513620853,9.889745716936886
0.04705807387828827,-0.3756393576040864,-1.956882224418223,9.384229730349034
0.1358272300241515,0.5762173235416412,-1.1914644427597523,7.06201953580603
0.036313560572452844,-0.6032190825790167,-0.38042839895933867,0.12347075389698148
0.04791918569244444,-0.9130340293049812,1.2421849351376295,7.286141167860478
0.10366320819593966,1.590950096026063,1.516912237741053,7.221856948453933
0.039498492963612075,1.984580754302442,-1.5078899832442403,6.054777207318693
0.2526778112351894,-0.8831904614344239,0.20768503658473492,0.08006225572898984
0.21643066402059047,-1.4157391665503383,-1.4675871431827545,7.889570852275938
0.07608811567537486,-0.612089921720326,-0.20090657658874989,7.2747491602785885
0.043088363339193164,0.6090570613741875,-1.9427964286878705,4.610108744818717
0.039121576277539136,0.999323601834476,-0.3022718420252204,5.091069166082889
0.06931003152392803,0.395464931614697,1.3504737261682749,5.393304720055312
0.10594889886677265,-1.0274230604991317,-0.5542857637628913,6.04328649584204
0.16538709614891559,1.6690403055399656,0.6497142957523465,6.875088990200311
0.10735215639229864,1.3793622478842735,1.8203566633164883,1.6268245526589453
0.051690193787217134,1.3265533614903688,1.0360909672454,5.821770660113543
0.15080639955122022,1.0625641085207462,-1.6019429117441177,9.159983601421118
0.12741887202952057,0.052085467614233494,-1.0232440326362848,2.898417771793902
0.03713745201937854,0.9948999453336,0.11313624773174524,2.4014325137250125
0.035904202433303,-1.4359217574819922,1.9113068860024214,9.497610602993518
0.03177469652611762,-0.651342811062932,0.9620443405583501,2.161204880103469
0.030738780815154312,0.6170972418040037,-1.4243349554017186,4.627057162579149
0.10481584882829338,-1.8340486669912934,-1.7224198337644339,0.6559409783221781
0.07062174233607948,1.6599862342700362,1.6975287245586514,9.449253941420466
0.04068022804800421,-0.8501396114006639,-1.3331967815756798,9.247236188966781
0.08166016567964107,-1.1229147054255009,0.08615160267800093,3.854723812546581
0.03694974499754607,-1.5516820074990392,-1.4419195335358381,6.274140649475157
0.13151746355462818,1.8510557021945715,-0.785078564658761,1.8362253671512008
0.045266027087345714,-1.9372526155784726,-1.9056940022855997,1.0347330966033041
0.03222117845434695,1.5938027231022716,-0.6264267424121499,4.472151710651815
0.03955406545195728,-0.207009251229465,-1.874684981070459,8.63493432989344
0.04057228832971305,0.9858245868235826,-0.7183082364499569,1.2866286747157574
0.12273665476124733,-1.7038985006511211,1.377420162782073,0.13703525066375732
0.0692312882328406,1.3552139587700367,-1.6980311498045921,7.831138912588358
0.07945321119856089,-0.03588507138192654,0.047336943447589874,5.331597558688372
0.11280397654045372,0.34424886107444763,-0.8850180134177208,2.4901462416164577
0.037748058289289475,1.2614917242899537,0.8028790187090635,4.9086952256038785
0.04954006645828485,1.4973279908299446,-0.7338072555139661,7.132117624860257
0.06888003690633923,0.0146551001816988,0.2295953445136547,6.957616268191487
0.052521672584116455,-1.6717769941315055,1.79957733489573,5.691286919172853
0.06629785216413439,-0.8603761410340667,-0.7283661030232906,4.882802206557244
0.043969875299371776,-0.6997970566153526,0.9636452421545982,3.2045201351866126
0.13610616675578058,-1.6429010154679418,-1.7049303082749248,8.596012596972287
0.059346422161906956,-1.2878520479425788,1.0242198528721929,4.981416955124587
0.0392163694370538,-1.4949298920109868,-1.056197753176093,6.592654678970575
0.1425904150074348,1.7330534374341369,-1.686185546219349,3.453860047738999
0.045046398998238146,1.37642524484545,1.1059286007657647,7.359466669149697
0.09707935321610421,0.4880220713093877,0.5069625396281481,5.741142767947167
0.046349612069316204,1.321730874478817,0.5221126908436418,3.1673261639662087
0.030881855948828158,1.497839686460793,1.931157506071031,4.447369002737105
0.07634811144322157,0.992457065731287,-1.266263228841126,4.935534948017448
0.035631673377938565,1.1260724421590567,0.4461009940132499,5.708414821419865
0.12551726556383075,-0.3688931567594409,1.4818993248045444,1.2497466686181724
0.05315238841343671,-1.3896933980286121,1.471048604696989,1.3250787137076259
0.032909618476405736,-0.490321334451437,-1.875517239794135,0.12522961245849729
0.038987572104670104,-0.3927897037938237,0.16964486241340637,0.12757315998896956
0.054536786498501896,0.260504518635571,-1.3264308422803879,9.87825277959928
0.04011583016254008,-0.7937209513038397,1.5063259974122047,7.223795363679528
0.0743377187801525,0.017729091458022594,0.9891000343486667,4.360820429865271
0.10483988769818096,1.8102122154086828,-1.3179367017000914,7.491618059575558
0.04720069282222539,0.41318737901747227,1.5249580834060907,0.13703985838219523
0.06406817540060729,-0.9170515704900026,-0.027264590375125408,2.56253301165998
0.05632269688416272,1.6588095519691706,1.046494415961206,3.5205651773139834
0.05979570514056831,0.6789574902504683,1.2493728250265121,3.09533559018746
0.031338324341923,0.20600421447306871,-0.46436178497970104,4.912815159186721
0.1372060788422823,-1.7526932815089822,-1.6109179379418492,0.4177057580091059
0.055281741498038175,-0.9989591808989644,-0.12845855113118887,2.1809216029942036
0.11570937398355453,1.8091011056676507,-1.6875300873070955,3.5075591946952045
0.053152556573040785,-0.8776593310758471,-0.8763964446261525,2.5293337437324226
0.062402480100281536,0.12458559032529593,0.7004959238693118,0.6515494384802878
0.11350228713359684,-0.960254630073905,-1.4823261853307486,6.384735875762999
0.03371531942859292,-1.927311584353447,-0.4652179488912225,7.09520016098395
0.11009534543380141,-1.1642957665026188,-1.873504662886262,3.8468661345541477
0.04461139651946723,-0.361604536883533,-0.4200231833383441,6.58884669886902
0.03950572553090751,0.23612885363399982,-1.1026598196476698,7.350419363938272
0.07614305841736496,-0.7191543430089951,-0.7946146922186017,2.603309159167111
0.040197048978880046,-0.9260589880868793,-1.1155908685177565,1.5187486330978572
0.03235379786696285,1.3378104101866484,1.6531496606767178,3.4485606267116964
0.08891333508305252,1.6656777234748006,0.35283177345991135,5.083658345974982
0.040981136308982966,-0.41274776216596365,-0.20297429524362087,8.269957082811743
0.07416525434702634,1.505547657608986,-1.2998885605484247,0.8304672688245773
0.06950780767016113,0.8569073090329766,0.86442996468395,6.834051965270191
0.03942081089597195,0.6157057508826256,1.8538264306262136,2.9613485746085644
0.05474714251700789,0.451755091547966,-0.34602639824151993,9.750550466123968
0.071564983073622,-0.88375598564744,-0.7562665492296219,4.0879348129965365
0.03412786606699228,0.15821706410497427,0.26660113129764795,8.978578636888415
0.038038257737644014,-0.27982832957059145,-0.5866083521395922,4.228048832155764
0.12445674685295671,-0.34258309099823236,1.6669051637873054,2.890266536269337
0.04697107201907784,1.4011424910277128,-0.533784574829042,8.880533343181014
0.05813731114845723,-0.32410458009690046,-1.08995745703578,7.214825835544616
0.051381118139252065,0.6031547375023365,1.3488041814416647,3.9489443693310022
0.06625820086803287,0.9291017055511475,-1.409270797856152,4.002598556689918
0.03174676868133247,1.3129022447392344,-0.34454299602657557,2.448974724393338
0.1945616915775463,1.6605832129716873,1.5812848499044776,5.662616293411702
0.16372069014701993,1.7643144195899367,-1.2111885761842132,7.5331159750930965
0.03589823447167873,1.4424615567550063,-1.32065209466964,4.855984707828611
0.05692391263321042,1.1745285196229815,1.0516798151656985,7.726656107697636
0.06242983018048107,-0.23809467814862728,1.4842851245775819,2.128369987476617
0.03562808265909553,0.7169242016971111,-1.5397432334721088,9.908619620837271
0.0553701266972348,-0.3932076897472143,0.6212616777047515,3.767510417383164
0.09627792471088469,-1.0431126430630684,1.2046795533969998,4.296951531432569
0.036339307455345984,1.2188424756750464,0.357716660015285,4.934912754688412
0.0887397429579869,-1.8358896858990192,-0.07198732625693083,7.402734416536987
0.05108693853486329,1.422138772904873,-0.8644725605845451,7.276671063154936
0.056103772679343814,-0.5554594248533249,1.326968097127974,3.560113711282611
0.030622925381176173,-1.6256932970136404,-0.5365981990471482,4.6579013811424375
0.03766858696937561,-1.6399268377572298,0.7092871777713299,8.770829702261835
0.037566294516436755,-1.5707213366404176,-1.7207822045311332,5.423488037195057
0.048114019613713026,-1.3814637148752809,-0.5669350111857057,9.548168515320867
0.06861825955566019,0.42889437824487686,0.8920646095648408,0.2710401779040694
0.03632658669259399,-1.9037678828462958,1.4533296441659331,4.125601968262345
0.051156396120786665,-1.219616126269102,0.8784055495634675,4.263476189225912
0.12654139902442693,-0.03191573079675436,-1.7492921007797122,6.309015974402428
0.03152783481869847,1.8291278975084424,-0.9049182757735252,9.350273807067424
0.05446556465700268,-0.026279357261955738,-1.2645049197599292,2.801268498878926
0.059017925215885045,0.19260057155042887,1.5128576597198844,8.4856643457897
0.08696216641459614,0.38158131670206785,-1.5057247746735811,6.241293146740645
0.04864642769098282,1.3269639676436782,1.9669050136581063,7.775528484489769
0.04889473949093372,1.1760804243385792,0.005955925211310387,6.831797978375107
0.07319112479221077,-0.8278631391003728,0.9365746024996042,0.1625240594148636
0.041838864763267335,-0.4253753451630473,-0.09144991170614958,9.885780757758766
0.14981441638898102,-0.027436270378530025,-0.8972556628286839,4.304429471958429
0.20946911206003277,-0.9304442284628749,-0.3644211543723941,5.398374805226922
0.0322026360174641,-0.16149924602359533,0.3773468332365155,6.428380699362606
0.036366726276464756,-1.5846616495400667,-1.5872249957174063,2.0852372283115983
0.08550081485882402,-0.10346980765461922,-0.7825970472767949,7.880049159284681
0.03704103350639343,-1.4416495757177472,-1.751760222017765,2.7128972648642957
0.056321650431491434,1.5822031693533063,0.6422428851947188,0.11822202708572149
0.037618969660252334,-0.375551076605916,0.029317759908735752,3.8567788060754538
0.03320747174322605,1.9152335980907083,1.3833221876993775,8.551112131681293
0.08344807182438671,1.9065068326890469,-1.8562409235164523,2.1262751356698573
0.052302751219831405,-1.7365755839273334,-1.9303015852347016,0.28043048456311226
0.07911827163770795,-0.3642566204071045,-0.7980708163231611,9.891770482063293
0.04317802109755575,-0.9861177504062653,-1.7745888531208038,8.021556907333434
0.05022500580642372,1.367041252553463,1.3595601161941886,1.0884191934019327
0.052741103256121274,-1.820054260082543,0.8545830296352506,6.846564540173858
0.041838714499026534,1.269155701622367,0.11660776473581791,7.129015366081148
0.0371395491855219,0.11749126482754946,0.0523972949013114,5.265951277688146
0.056670394134707744,1.133320014923811,-1.1972417160868645,4.779693726450205
0.05615988060832024,-0.09793662000447512,-1.5994710139930248,0.6074765673838556
0.03617388442158699,-1.978680370375514,0.6501832213252783,6.26188064692542
0.08160077125299722,0.3082125373184681,-1.9343845713883638,3.2177010690793395
0.034979960322380065,0.4967387318611145,-0.7916409382596612,7.9165935725905
0.04541606039274484,0.9466516217216849,-0.8277219021692872,2.5031685060821474
0.03330122015438974,1.5629585608839989,1.8380074556916952,3.200973062776029
0.04734517316799611,-1.3423357894644141,1.0027155186980963,8.219996395055205
0.07159658742137254,-0.8165337219834328,-1.934443068690598,2.0603775116614997
0.03065969438757747,0.1415572464466095,1.6289112977683544,6.232381782028824
0.04176323015242815,-0.051000905223190784,-0.08762939739972353,8.34969341289252
0.03573234502226114,0.604813133366406,0.5219826214015484,1.6588296252302825
0.048264724421314895,0.6060327421873808,-0.40636490285396576,6.737973291892558
0.12281144942622632,-1.5323880845680833,1.755782963708043,2.723589811939746
0.047776936870068315,1.729414333589375,0.588340250775218,9.363929454702884
0.03576938302721828,-0.5735906539484859,-1.6638834634795785,8.106627515517175
0.043297514971345666,0.1566414488479495,-1.2980740200728178,2.9271464282646775
0.12904149915557356,1.8832209426909685,-0.7237992268055677,2.1963341045193374
0.049444591854698954,-1.959355579689145,-0.34687313344329596,7.389688764233142
0.041960824788548054,-1.8778710179030895,0.04131733439862728,0.02630099654197693
0.042706852657720444,0.8338616313412786,1.275126707740128,3.2457675598561764
0.04376296712085605,-1.9693926684558392,-1.334781652316451,7.995000223163515
0.03049768482334912,0.17415115982294083,0.5801469935104251,1.2581418128684163
0.03340488770976663,-0.1328470529988408,-0.14560963306576014,8.250833183992654
0.050420729098841544,-1.0102087259292603,-0.9050469249486923,5.1842420431785285
0.03593504580203444,-1.5185451610013843,0.3113053999841213,4.272508667781949
0.036526749171316625,1.9018496247008443,-0.9957410516217351,3.7647755164653063
0.033093196214176716,-0.9457381973043084,-0.4316215952858329,0.7059863419272006
0.11988989758305252,-0.6831977777183056,-0.24980281107127666,6.1823379271663725
0.03261490485165268,-1.4394371453672647,-1.7018028795719147,5.489083502907306
0.050778286410495636,-1.103072851896286,0.13676245044916868,5.299795826431364
0.041994266393594444,-1.3846310321241617,-1.1821561064571142,7.581048479769379
0.04981667309999466,-1.6183005049824715,-0.22927195858210325,7.2907354310154915
0.03449021763168275,-1.512859278358519,-0.5940096881240606,1.3468506233766675
0.051849986882880325,1.9224431859329343,0.1283313613384962,3.360246813390404
0.03537213607225567,1.9236972155049443,-1.0541572952643037,3.0460554943419993
0.05064645183738321,0.4909143289551139,-0.8037788979709148,3.4427565592341125
0.08767905438318849,1.6958483820781112,-1.1100197471678257,1.0154985752888024
0.036151270647533235,0.2630217233672738,-1.818893033079803,9.991759127005935
0.0643656102567911,0.5920446151867509,-0.7918861210346222,2.8286940907128155
0.07615995249245316,0.9108430361375213,-1.656421234831214,1.1396403750404716
0.048190394467674195,1.8442492298781872,1.7972598215565085,0.24163789115846157
0.031091592446900903,0.19139656983315945,-0.804368301294744,9.86163491383195
0.14671429665759206,-1.9510246748104692,1.0951989768072963,8.759192142169923
0.048982574762776496,0.15229461900889874,0.2584785521030426,8.467994953971356
0.03053655298426747,1.998335656709969,1.632047237828374,5.465672656428069
0.04699790370184928,0.19403581600636244,-1.656451404094696,7.891531030181795
0.10214160352014005,-1.9133530054241419,-0.549364548176527,3.1220647413283587
0.030230012512765823,1.4175699967890978,1.2792228916659951,9.606405810918659
0.03423369952943176,-1.6671470925211906,-1.1901853140443563,9.46687727002427
0.09354708176571876,-0.6194904455915093,-0.6616924973204732,2.30738062877208
0.060051129637286066,0.39548085629940033,-0.12587335612624884,0.6964495126157999
0.08982953791506589,0.4728322150185704,-1.2225747564807534,8.408851095009595
0.05399509413633495,1.811570611782372,0.8377977926284075,1.2502616317942739
0.054302855185233055,0.12951534986495972,0.17074410617351532,5.773155698552728
0.08908015480730683,-0.868449067696929,-1.0937563832849264,0.18062354996800423
0.04495310592465103,-0.9327834071591496,0.23533983528614044,6.48878597188741
0.12467604288365691,-1.6334422565996647,-1.7817151993513107,8.052477918099612
0.03698266479652375,1.302124540321529,0.2581077115610242,9.573274608701468
0.03131078309379518,-1.7940316069871187,-0.8942124806344509,1.8946335441432893
0.034821275318972764,-0.8126429775729775,-0.9531489377841353,4.737728955224156
0.037579436246305706,-0.3352659484371543,0.7306772079318762,7.780166203156114
0.1452538458351046,-1.3456113431602716,0.4843186419457197,8.150422782637179
0.03834240278694778,1.003583767451346,-1.6768690831959248,6.220502285286784
0.033105375855229796,0.8298895535990596,0.04287877306342125,6.3680808851495385
0.03160370434168726,1.063064904883504,0.5564132845029235,2.9805639409460127
0.030598240005783737,-0.5170526262372732,-1.140100721269846,4.099582489579916
0.039442281923256814,-1.125528327189386,0.2412657868117094,6.754019011277705
0.10150279074907302,1.8805548269301653,1.8452717354521155,8.444649565499276
0.1136183118633926,-1.2671719565987587,-1.1605576174333692,1.8905448378063738
0.047473804755136365,0.9256772110238671,-1.600567141547799,2.122342581860721
0.05155674465466291,0.44231153279542923,-1.7303920155391097,5.598597910720855
0.047820244217291474,0.3864341778680682,-0.9506678991019726,4.442318726796657
0.04010001009330153,-0.24487340170890093,-0.7236682819202542,0.6284664990380406
0.03509287324734032,0.5604281732812524,1.025131001137197,2.0369886490516365
0.08692666883114725,-0.6620469158515334,0.8145956117659807,7.184759241063148
0.07587426864076405,1.7608354203402996,-1.4700343227013946,6.951005186419934
0.030482122390531004,-1.651706670410931,0.8535743718966842,9.513939106836915
0.1370168152078986,0.37625401094555855,-1.9957520887255669,0.5417789542116225
0.0565934446407482,0.5159906623885036,0.8059441661462188,0.011787556577473879
0.04877036472782492,0.3595152450725436,-1.3181048557162285,2.132098493166268
0.048924526181071994,1.6216392563655972,-1.359633481130004,1.4764075889252126
0.04212357686832547,-1.4899678528308868,-0.5319304829463363,2.1830660151317716
0.08526264092419297,0.24299407843500376,0.9445157116279006,2.026987641584128
0.07169072981458158,0.11084030475467443,0.07595878001302481,5.390778896398842
0.0474926116457209,-1.0278737293556333,-1.4632042031735182,8.139132054056972
0.051716711022891104,1.7608710899949074,-0.3464266173541546,8.6114144558087
0.03895045286044478,-0.8769238758832216,-1.0398418046534061,2.32733505545184
0.03632264715619385,0.755199414677918,1.6986119411885738,7.201439200434834
0.044908089996315535,1.7047985764220357,-0.24391151499003172,2.1189911337569356
0.14626333123072982,1.264158052392304,-1.3592741824686527,0.06616939324885607
0.03249777316581458,-1.7029222026467323,-0.817155915312469,9.862771057523787
0.03842359234578907,-1.8564171819016337,-1.8645049575716257,5.57630913099274
0.06878168683033437,-1.8058777181431651,-0.7175893755629659,1.5741429780609906
0.05639571621548384,0.177106948569417,1.5314308553934097,0.086099982727319
0.04402105859480798,0.9130394347012043,0.04377398453652859,9.767481782473624
0.08285616450477391,1.285931491293013,-1.9385875696316361,5.103997252881527
0.0875172419520095,-1.0022337352856994,-1.2468867637217045,9.813377894461155
0.057440265729092055,-0.5941232861950994,0.19971295911818743,3.129027208779007
0.06210673365741968,0.8482932988554239,-1.3960229139775038,4.251489269081503
0.08821517901495099,-0.6774629456922412,1.6139024114236236,5.369709329679608
0.23942376438528298,-0.06409703753888607,1.877806432545185,0.8536448143422604
0.05003451449330896,-1.509870388545096,-0.744343675673008,0.17494778614491224
0.036155078667216,1.0736191840842366,-1.700737500563264,0.8969940175302327
0.14867656868882478,1.5948625467717648,1.814407798461616,9.366084232460707
0.04964192146901041,0.15454661194235086,-1.8256405079737306,7.01399486977607
0.14983242395333946,-0.47891754750162363,-1.946526376530528,7.236764037515968
0.26047713860403743,1.3146816389635205,0.49134080205112696,6.293952877167612
0.03551706294994801,1.4796231240034103,0.07728002406656742,0.4928529728204012
0.04761677024420351,0.041100382804870605,-1.7160477796569467,0.2647563279606402
0.08122959443368018,0.02513743843883276,1.645334953442216,1.387594728730619
0.043809905238449576,-0.27677351515740156,-0.5463803131133318,4.890311050694436
0.14042757742572576,-0.545228062197566,1.0343774436041713,7.738018033560365
0.043506985027343036,-1.2783191176131368,1.2470220038667321,8.124549614731222
0.031450216379016634,1.0103301303461194,1.4050445016473532,7.027831559535116
0.03682052115909755,0.7083541499450803,0.5744030931964517,6.3308726623654366
0.15027694534510372,-1.671498547308147,-0.8353687049821019,7.336555069778115
0.07185839800629765,-1.4110671998932958,1.2746742507442832,8.252746167127043
0.07104155818466097,-1.710976361297071,1.3441629158332944,0.7400961616076529
0.1283908061357215,0.006701010279357433,-0.27136232145130634,0.7469070330262184
0.06531960440333932,-1.4486367031931877,0.04908333718776703,6.696889835875481
0.03712449634447694,-1.1550896242260933,0.8805071162059903,6.572565624956042
0.03877048686146736,-0.8864000365138054,0.5812203865498304,7.836272662971169
0.07442287457641214,-1.4308720082044601,0.2726008240133524,8.351899669505656
0.03610406040679663,0.4017185550183058,-1.7617731299251318,4.7133906884118915
0.09005645339377225,-1.623762583360076,-0.6103153992444277,0.13510717079043388
